,eps_per_epoch,img_shape,k_way_test,k_way_train,lr,n_epochs,n_queries_test,n_queries_train,n_shot,patience,restore_best_weights,test_accuracy,test_eps,test_loss
0,100,"(160, 120, 3)",15,20,0.001,100,5,5,5,1,True,0.24186666309833527,1000,1.8566481508870254
1,100,"(160, 120, 3)",5,20,0.001,100,5,5,5,1,True,0.7207599878311157,1000,0.040408925278884456
2,100,"(160, 120, 3)",15,20,0.001,100,5,5,1,1,True,0.20281332731246948,1000,2.3315546892676333
3,100,"(160, 120, 3)",5,20,0.001,100,5,5,1,1,True,0.7023599743843079,1000,0.091651701430124
