,eps_per_epoch,img_shape,k_way_test,k_way_train,lr,n_epochs,n_queries_test,n_queries_train,n_shot,patience,restore_best_weights,test_accuracy,test_eps,test_loss
0,100,"(160, 120, 3)",15,20,0.001,100,5,5,5,1,True,0.2438933402299881,1000,1.247354459634164
1,100,"(160, 120, 3)",5,20,0.001,100,5,5,5,1,True,0.7210000157356262,1000,0.013815012374521318
2,100,"(160, 120, 3)",15,20,0.001,100,5,5,1,1,True,0.20163999497890472,1000,2.0190105709286534
3,100,"(160, 120, 3)",5,20,0.001,100,5,5,1,1,True,0.6984000205993652,1000,0.061976323165001374
